{"name":"e6dee345-ce0d-40d4-975c-be06058e8e01","id":"/providers/Microsoft.Flow/flows/e6dee345-ce0d-40d4-975c-be06058e8e01","type":"Microsoft.Flow/flows","properties":{"apiId":"/providers/Microsoft.PowerApps/apis/shared_logicflows","displayName":"Finding-the-latest-file-in-a-folder","definition":{"metadata":{"workflowEntityId":null,"processAdvisorMetadata":null,"flowChargedByPaygo":null,"flowclientsuspensionreason":"None","flowclientsuspensiontime":null,"flowclientsuspensionreasondetails":"","creator":{"id":"c8e8184c-7288-462b-805a-4c130fb269fa","type":"User","tenantId":"f01d576b-266d-44c3-8d59-8147ef5802cf"},"provisioningMethod":"FromDefinition","failureAlertSubscription":true,"clientLastModifiedTime":"2024-05-29T11:09:09.3999059Z","connectionKeySavedTimeKey":"2024-05-29T11:08:44.2910821Z"},"$schema":"https://schema.management.azure.com/providers/Microsoft.Logic/schemas/2016-06-01/workflowdefinition.json#","contentVersion":"1.0.0.0","parameters":{"$authentication":{"defaultValue":{},"type":"SecureObject"},"$connections":{"defaultValue":{},"type":"Object"}},"triggers":{"manual":{"type":"Request","kind":"Button","inputs":{"schema":{"type":"object","properties":{},"required":[]}}}},"actions":{"Sets_an_array_to_store_the_filenames_from_the_folder":{"runAfter":{},"type":"InitializeVariable","inputs":{"variables":[{"name":"filesArray","type":"array","value":[]}]}},"Sets_a_variable_to_store_the_latest_week_no":{"runAfter":{"Sets_an_array_to_store_the_filenames_from_the_folder":["Succeeded"]},"type":"InitializeVariable","inputs":{"variables":[{"name":"latestWeekNo","type":"integer","value":0}]}},"Sets_a_variable_to_store_the_filename_of_the_acquired_latest_file":{"runAfter":{"Sets_a_variable_to_store_the_latest_week_no":["Succeeded"]},"type":"InitializeVariable","inputs":{"variables":[{"name":"latestFile","type":"string"}]}},"List_files_in_folder":{"runAfter":{"Sets_a_variable_to_store_the_filename_of_the_acquired_latest_file":["Succeeded"]},"metadata":{"6e202211-2856-4d17-9ded-5beb8b8626b0":"/"},"type":"OpenApiConnection","inputs":{"parameters":{"id":"6e202211-2856-4d17-9ded-5beb8b8626b0"},"host":{"apiId":"/providers/Microsoft.PowerApps/apis/shared_onedriveforbusiness","connectionName":"shared_onedriveforbusiness","operationId":"ListFolderV2"},"authentication":{"value":"@json(decodeBase64(triggerOutputs().headers['X-MS-APIM-Tokens']))['$ConnectionKey']","type":"Raw"}}},"Append_to_array_variable":{"runAfter":{"List_files_in_folder":["Succeeded"]},"type":"AppendToArrayVariable","inputs":{"name":"filesArray","value":"@outputs('List_files_in_folder')?['body/value']"}},"Apply_to_each":{"foreach":"@variables('filesArray')","actions":{"For_each":{"foreach":"@outputs('List_files_in_folder')?['body/value']","actions":{"Condition":{"actions":{"Change_the_latestWeekNo_variable_to_the_acquired_from_the_for_each":{"type":"SetVariable","inputs":{"name":"latestWeekNo","value":"@int(items('For_each')?['LastModified'])"}},"Sets_the_latestFile_variable_to_the_latest_file_aquired":{"runAfter":{"Change_the_latestWeekNo_variable_to_the_acquired_from_the_for_each":["Succeeded"]},"type":"SetVariable","inputs":{"name":"latestFile","value":"@{items('For_each')?['Path']}"}}},"else":{"actions":{}},"expression":{"and":[{"greater":["@int(items('For_each')?['LastModified'])","@variables('latestWeekNo')"]}]},"type":"If"}},"type":"Foreach"}},"runAfter":{"Append_to_array_variable":["Succeeded"]},"type":"Foreach"}},"outputs":{}},"connectionReferences":{"shared_onedriveforbusiness":{"connectionName":"shared-onedriveforbu-8d14467a-bea2-4812-90f4-e7a1d47153d1","source":"Invoker","id":"/providers/Microsoft.PowerApps/apis/shared_onedriveforbusiness","tier":"NotSpecified"}},"flowFailureAlertSubscribed":false,"isManaged":false}}